{
  "id": "33572390816",
  "name": "frack-man",
  "pageTitle": "<Title>",
  "shareTitle": "<Title>",
  "shareText": "<Text>",
  "tweetText": "<Text>",
  "publishYear": 2016,
  "publishDate": "2016-7-22T00:00:00Z",
  "url": "http://interactives.dallasnews.com/2016/frack-man/",
  "authors": "<Authors - comma-separated, lowercase>",
  "desk": "<Desk>",
  "section": "<Section>",
  "keywords": [
    "interactives",
    "dallas",
    "dallas news",
    "dfw news",
    "dallas newspaper",
    "dallas morning news",
    "dallas morning news newspaper"
  ],
  "imgURL": "http://interactives.dallasnews.com/2016/frack-man/undefined",
  "imgWidth": "<Width - w/out \"px\">",
  "imgHeight": "<Height - w/out \"px\">",
  "sectionTwitter": "<handle - w/out \"@\">",
  "authorTwitter": "<handle - w/out \"@\">"
}