{
  "id": "33572390816",
  "name": "frack-master",
  "pageTitle": "<Title>",
  "shareTitle": "<Title>",
  "shareText": "<Text>",
  "tweetText": "<Text>",
  "publishYear": 2016,
  "publishDate": "2016-8-11T11:00:00Z",
  "url": "http://interactives.dallasnews.com/2016/frack-master/",
  "authors": "dalton laferney",
  "desk": "business",
  "section": "<Section>",
  "keywords": [
    "interactives",
    "dallas",
    "dallas news",
    "dfw news",
    "dallas newspaper",
    "dallas morning news",
    "dallas morning news newspaper",
    "chris faulkner",
    "faulkner",
    "fracking",
    "free media",
    "oil",
    "derrick",
    "southwest energy exploration",
    "breitling energy"
  ],
  "imgURL": "http://interactives.dallasnews.com/2016/frack-master/images/_share.jpg",
  "imgWidth": "1200",
  "imgHeight": "630",
  "sectionTwitter": "@DMNBiz",
  "authorTwitter": "@daltonlaferney"
}
