{
  "id": "33572390816",
  "name": "frack-master",
  "pageTitle": "The rise and fall of the ‘Frack Master’",
  "shareTitle": "The rise and fall of the ‘Frack Master’",
  "shareText": "Up until May, Chris Faulkner’s magazine covers and industry accolades hung from the walls of Breitling Energy’s corporate offices in downtown Dallas. They were part of an intensively planned media campaign to create the “Frack Master” persona that made Faulkner one of major network business news shows’ most called upon guests. But today, those walls lay bare, their emptiness calling attention to Faulkner’s sudden rise and spectacular fall from the oil and gas big leagues.",
  "tweetText": "How a tech CEO became an expert on hydraulic fracturing to a global audience",
  "publishYear": 2016,
  "publishDate": "2016-8-26T4:00:00Z",
  "url": "http://interactives.dallasnews.com/2016/frack-master/",
  "authors": "dalton laferney",
  "desk": "business",
  "section": "energy",
  "keywords": [
    "interactives",
    "dallas",
    "dallas news",
    "dfw news",
    "dallas newspaper",
    "dallas morning news",
    "dallas morning news newspaper",
    "chris faulkner",
    "faulkner",
    "fracking",
    "free media",
    "oil",
    "derrick",
    "southwest energy exploration",
    "breitling energy"
  ],
  "imgURL": "http://interactives.dallasnews.com/2016/frack-master/images/_share.jpg",
  "imgWidth": "1200",
  "imgHeight": "630",
  "sectionTwitter": "@DMNBiz",
  "authorTwitter": "@daltonlaferney"
}
