[
  {
    "name": "Northern Midland - Lower Spraberry",
    "dollars": 27.17
  },
  {
    "name": "Western Glasscock-Lower Spraberry",
    "dollars": 28.82
  },
  {
    "name": "Western Glasscock-Wolfcamp A&B",
    "dollars": 29.4
  },
  {
    "name": "Northern Midland-Wolfcamp A&B",
    "dollars": 29.6
  },
  {
    "name": "Delaware Basin-Reeves Wolfcamp A",
    "dollars": 32.86
  },
  {
    "name": "Delware Basin-Loving Wolfcamp A",
    "dollars": 35.41
  },
  {
    "name": "Southern Midland-So Fairway-Wolfcamp",
    "dollars": 37
  },
  {
    "name": "Northern Midland-Wolfcamp A&B",
    "dollars": 37.54
  },
  {
    "name": "Delware Basin-NIM Bone Spring",
    "dollars": 38.1
  },
  {
    "name": "Delware Basin-NIM Wolfcamp",
    "dollars": 43.06
  },
  {
    "name": "Delaware Basin-TX Bone Spring",
    "dollars": 44.5
  },
  {
    "name": "Delware Basin-Avalon/Leonard",
    "dollars": 44.74
  },
  {
    "name": "Southern Midland-Ozona-Wolfcamp A&B",
    "dollars": 58.7
  }
]
